region,region_key,actor,flood_scenario,n_units,lhs_mean_failure_probability,lhs_median_failure_probability,lhs_p75_failure_probability,lhs_expected_stressed_margin,lhs_p05_stressed_margin,lhs_p50_stressed_margin,lhs_p95_stressed_margin,historical_flood_exposure_score,historical_flood_exposure_level,dominant_lhs_risk_label
Garut,GARUT,Farmer,High,98,0.35744897959183675,0.0,1.0,4009568.088442824,2608338.158227413,3362182.7559671463,4002903.591544207,0.3949554339103519,Medium,Low
Garut,GARUT,Farmer,Low,98,0.21737244897959182,0.0,0.0,8844563.245948358,5337596.454212262,5499171.089682592,5732873.088848783,0.3949554339103519,Medium,Low
Garut,GARUT,Farmer,Medium,98,0.28875,0.0,0.9212499999999999,6949713.521239866,4325094.331794116,4642916.456090974,4943275.881458401,0.3949554339103519,Medium,Low
Garut,GARUT,Middlemen,High,24,1.0,1.0,1.0,-28577945.396994486,-35129739.38566804,-31043950.950324975,-26620183.9435703,0.3949554339103519,Medium,Critical
Garut,GARUT,Middlemen,Low,24,1.0,1.0,1.0,-11248205.403785085,-11528963.741927527,-10527502.74558428,-9824601.050065737,0.3949554339103519,Medium,Critical
Garut,GARUT,Middlemen,Medium,24,1.0,1.0,1.0,-18098617.674146384,-23879988.38015601,-19546958.775414433,-16514383.77395735,0.3949554339103519,Medium,Critical
Garut,GARUT,Retail,High,23,1.0,1.0,1.0,-4276974.12835195,-5486310.3051994825,-4858349.566586402,-4238321.870191811,0.3949554339103519,Medium,Critical
Garut,GARUT,Retail,Low,23,0.9940217391304348,1.0,1.0,-2464189.1208997555,-3158362.891200964,-3029110.9509649966,-2894432.8931917087,0.3949554339103519,Medium,Critical
Garut,GARUT,Retail,Medium,23,1.0,1.0,1.0,-3182543.226548298,-4091234.9811540744,-3837556.675257148,-3521902.5175001,0.3949554339103519,Medium,Critical
Garut,GARUT,Rice Miller,High,24,0.9503125,1.0,1.0,-31378012.2306163,-19807412.144904017,-14696230.737928662,-5849926.37091413,0.3949554339103519,Medium,Critical
Garut,GARUT,Rice Miller,Low,24,0.4339583333333333,0.0,1.0,16746907.548926516,4720468.752578869,6161046.560004615,7540811.8343986645,0.3949554339103519,Medium,Low
Garut,GARUT,Rice Miller,Medium,24,0.5750000000000001,0.8200000000000001,1.0,-2211050.0651422148,-5142112.777325178,-3715620.2299275696,895735.4383817997,0.3949554339103519,Medium,Critical
Garut,GARUT,Wholesaler,High,25,0.9237000000000001,1.0,1.0,-72878763.858494,-56122402.19139995,-44146176.50989363,-32507379.24986482,0.3949554339103519,Medium,Critical
Garut,GARUT,Wholesaler,Low,25,0.8065000000000001,1.0,1.0,-23152082.326362252,-14735447.210806591,-13018858.158923704,-12108121.19334181,0.3949554339103519,Medium,Critical
Garut,GARUT,Wholesaler,Medium,25,0.9061,1.0,1.0,-42796443.826172225,-26358306.69950218,-22700183.4716848,-18892992.91315789,0.3949554339103519,Medium,Critical
Indramayu,INDRAMAYU,Farmer,High,62,0.3437096774193548,0.025,0.89875,9662204.741950631,1076568.1113325022,4081171.4911000533,6657326.2898888495,0.0559353146853146,Low,Low
Indramayu,INDRAMAYU,Farmer,Low,62,0.11221774193548387,0.0,0.0,24118842.101402503,14839428.525897294,15813975.540249014,16537038.359985754,0.0559353146853146,Low,Low
Indramayu,INDRAMAYU,Farmer,Medium,62,0.1577016129032258,0.0,0.0,18448837.216669526,8697307.436507331,9889936.480285674,12464487.894777857,0.0559353146853146,Low,Low
Indramayu,INDRAMAYU,Middlemen,High,16,0.9496875,1.0,1.0,-59806585.23032403,-63223333.142332055,-52235433.97033057,-40951593.790127255,0.0559353146853146,Low,Critical
Indramayu,INDRAMAYU,Middlemen,Low,16,0.59046875,1.0,1.0,4621406.476540432,-18262534.19197717,-13143492.536746891,-11250491.107164051,0.0559353146853146,Low,Critical
Indramayu,INDRAMAYU,Middlemen,Medium,16,0.72609375,1.0,1.0,-20784052.69581731,-35724718.29372176,-30095927.899215303,-25111187.71613884,0.0559353146853146,Low,Critical
Indramayu,INDRAMAYU,Retail,High,16,1.0,1.0,1.0,-5150946.617260152,-5809167.830495372,-5213073.785673164,-4565019.0480994545,0.0559353146853146,Low,Critical
Indramayu,INDRAMAYU,Retail,Low,16,1.0,1.0,1.0,-3344837.1681667776,-3487257.776544693,-3371510.8501411323,-3255284.1418378064,0.0559353146853146,Low,Critical
Indramayu,INDRAMAYU,Retail,Medium,16,1.0,1.0,1.0,-4061631.9139410667,-4341959.986767992,-4059667.324305674,-3785721.473730183,0.0559353146853146,Low,Critical
Indramayu,INDRAMAYU,Rice Miller,High,17,0.9660294117647058,1.0,1.0,-207433647.77310362,-190302997.98508507,-114692807.42942017,-71506286.77356969,0.0559353146853146,Low,Critical
Indramayu,INDRAMAYU,Rice Miller,Low,17,0.4661764705882353,0.01,1.0,163353189.14999658,1775212.7431192265,5973674.400346711,9949597.948098512,0.0559353146853146,Low,Low
Indramayu,INDRAMAYU,Rice Miller,Medium,17,0.8144117647058824,1.0,1.0,17324502.30921336,-48481151.116687976,-20457431.32325436,-11385301.279165985,0.0559353146853146,Low,Critical
Indramayu,INDRAMAYU,Wholesaler,High,16,0.75375,1.0,1.0,-60038541.15695828,-83556569.98364332,-63414803.174757876,-43711129.88940272,0.0559353146853146,Low,Critical
Indramayu,INDRAMAYU,Wholesaler,Low,16,0.11171875,0.0,0.0,629389742.5376611,121734232.12412325,156744470.30728346,190268320.3424526,0.0559353146853146,Low,Low
Indramayu,INDRAMAYU,Wholesaler,Medium,16,0.57421875,0.8525,0.984375,358300533.7323047,-33461604.0102553,-9939552.305847518,26884504.433963425,0.0559353146853146,Low,Critical
Karawang,KARAWANG,Farmer,High,53,0.24726415094339624,0.0,0.7,17700927.72214688,7989948.048937903,14315148.923528705,20410339.135178275,1.0,High,Low
Karawang,KARAWANG,Farmer,Low,53,0.09433962264150944,0.0,0.0,48201324.4749287,38173982.82626886,39612944.17885652,41092475.66404353,1.0,High,Low
Karawang,KARAWANG,Farmer,Medium,53,0.10287735849056603,0.0,0.0,36242091.01732925,24344259.52810375,27607480.40727182,33994111.521418355,1.0,High,Low
Karawang,KARAWANG,Middlemen,High,14,1.0,1.0,1.0,-40742482.260345735,-44683216.53500764,-35947972.55852006,-27208341.383297823,1.0,High,Critical
Karawang,KARAWANG,Middlemen,Low,14,0.77625,1.0,1.0,-4470485.640761933,-6297052.256769343,-4296355.853902185,-2765570.0577694164,1.0,High,Critical
Karawang,KARAWANG,Middlemen,Medium,14,1.0,1.0,1.0,-18782355.573541608,-22119051.88094812,-16824058.062880505,-11993199.988185108,1.0,High,Critical
Karawang,KARAWANG,Retail,High,16,1.0,1.0,1.0,-5335667.407084157,-6213455.118544109,-5559814.910844201,-4846001.153505484,1.0,High,Critical
Karawang,KARAWANG,Retail,Low,16,1.0,1.0,1.0,-3343173.1272636023,-3636761.75790181,-3505309.778681729,-3367176.5224354956,1.0,High,Critical
Karawang,KARAWANG,Retail,Medium,16,1.0,1.0,1.0,-4133844.0192782045,-4604048.449904126,-4267545.738388566,-3952988.0733029004,1.0,High,Critical
Karawang,KARAWANG,Rice Miller,High,14,1.0,1.0,1.0,-83143575.23361143,-67672812.58638532,-54124463.42885622,-40621352.77473688,1.0,High,Critical
Karawang,KARAWANG,Rice Miller,Low,14,0.9625,1.0,1.0,-12996434.112294564,-14810264.212658238,-12335168.712982055,-10367511.414487123,1.0,High,Critical
Karawang,KARAWANG,Rice Miller,Medium,14,1.0,1.0,1.0,-40680754.028715365,-33963536.62464976,-26980983.03504403,-21894264.127546318,1.0,High,Critical
Karawang,KARAWANG,Wholesaler,High,14,0.8646428571428572,1.0,1.0,-83458724.88809367,-129283967.3661837,-103503674.96383914,-77264686.97565031,1.0,High,Critical
Karawang,KARAWANG,Wholesaler,Low,14,0.7857142857142857,1.0,1.0,49627474.92774658,-23905470.11516072,-19147708.044969838,-14457743.771651248,1.0,High,Critical
Karawang,KARAWANG,Wholesaler,Medium,14,0.7857142857142857,1.0,1.0,-2788720.486542923,-64615829.316331044,-51582793.98829846,-40064332.10405481,1.0,High,Critical
Subang,SUBANG,Farmer,High,77,0.2850649350649351,0.0,0.85,6609906.26385055,1834195.7483052642,3668729.488594119,5432281.485950109,0.3641466525278,Medium,Low
Subang,SUBANG,Farmer,Low,77,0.10766233766233765,0.0,0.0,17893146.837938093,10414919.173812713,10824923.406475965,11634100.467566973,0.3641466525278,Medium,Low
Subang,SUBANG,Farmer,Medium,77,0.15652597402597404,0.0,0.0,13467364.042753637,6146734.340840955,7263047.498901599,8450443.794622643,0.3641466525278,Medium,Low
Subang,SUBANG,Middlemen,High,21,0.9083333333333333,1.0,1.0,-46551727.154793546,-58019842.804932766,-45748749.14829471,-31720785.026788242,0.3641466525278,Medium,Critical
Subang,SUBANG,Middlemen,Low,21,0.5020238095238095,0.5375,1.0,10313863.006154612,-5740940.9244601065,-290862.8353332281,4951676.00353986,0.3641466525278,Medium,Low
Subang,SUBANG,Middlemen,Medium,21,0.8169047619047619,1.0,1.0,-12100395.928465579,-22354690.504170246,-14044572.238859694,-8906683.266124561,0.3641466525278,Medium,Critical
Subang,SUBANG,Retail,High,19,1.0,1.0,1.0,-3923992.9491202347,-5082222.997153336,-4608668.634135993,-4101501.1849827813,0.3641466525278,Medium,Critical
Subang,SUBANG,Retail,Low,19,1.0,1.0,1.0,-2340617.152111485,-2998913.205781217,-2880968.379588058,-2760254.399479316,0.3641466525278,Medium,Critical
Subang,SUBANG,Retail,Medium,19,1.0,1.0,1.0,-2968312.7731125937,-3884798.507908878,-3598286.211984509,-3318174.498802355,0.3641466525278,Medium,Critical
Subang,SUBANG,Rice Miller,High,21,0.9375,1.0,1.0,-46439882.22273127,-75170535.25045426,-38449656.213289455,-21958137.791753992,0.3641466525278,Medium,Critical
Subang,SUBANG,Rice Miller,Low,21,0.19047619047619047,0.0,0.0,44173706.886016764,52082144.61044475,57041469.47408642,61948545.64951496,0.3641466525278,Medium,Low
Subang,SUBANG,Rice Miller,Medium,21,0.39535714285714285,0.0575,0.99,8495151.272533894,-88278.83865722094,19224173.171933353,36202839.50307176,0.3641466525278,Medium,Low
Subang,SUBANG,Wholesaler,High,21,0.4508333333333333,0.3675,0.9775,2364822.0001804708,-14352344.979760978,10000581.583796442,22581538.74382982,0.3641466525278,Medium,Low
Subang,SUBANG,Wholesaler,Low,21,0.14285714285714285,0.0,0.0,74133089.65664019,52001991.23865979,56288608.994178236,63989409.71926662,0.3641466525278,Medium,Low
Subang,SUBANG,Wholesaler,Medium,21,0.16297619047619047,0.0,0.0,45928230.45085369,26371118.7910302,39265346.30217397,46955136.12934376,0.3641466525278,Medium,Low
Tasikmalaya,TASIKMALAYA,Farmer,High,110,0.1960909090909091,0.0,0.2375,6808585.852480427,1683369.6800311853,2813570.744540788,3926800.212326671,0.0065573770491803,Low,Low
Tasikmalaya,TASIKMALAYA,Farmer,Low,110,0.035772727272727275,0.0,0.0,11392057.498164743,6272443.49139281,6448463.068192851,6628438.154124466,0.0065573770491803,Low,Low
Tasikmalaya,TASIKMALAYA,Farmer,Medium,110,0.07586363636363637,0.0,0.0,9599266.38916657,4795895.451815473,5364671.258471574,5797085.461452308,0.0065573770491803,Low,Low
Tasikmalaya,TASIKMALAYA,Middlemen,High,29,1.0,1.0,1.0,-32249559.042647567,-31026291.56050583,-26919532.219563898,-21236063.337251343,0.0065573770491803,Low,Critical
Tasikmalaya,TASIKMALAYA,Middlemen,Low,29,0.9658620689655173,1.0,1.0,-10834945.19622947,-11290853.975454787,-10710409.670392577,-9995630.973219054,0.0065573770491803,Low,Critical
Tasikmalaya,TASIKMALAYA,Middlemen,Medium,29,1.0,1.0,1.0,-19295577.423077278,-19435174.660821483,-17363824.821359828,-14689217.715817438,0.0065573770491803,Low,Critical
Tasikmalaya,TASIKMALAYA,Retail,High,28,1.0,1.0,1.0,-5271067.648962705,-5972071.39276771,-5374457.786658181,-4722274.235714462,0.0065573770491803,Low,Critical
Tasikmalaya,TASIKMALAYA,Retail,Low,28,1.0,1.0,1.0,-3389546.5869363965,-3573764.7797606895,-3448996.0717008347,-3323522.011075886,0.0065573770491803,Low,Critical
Tasikmalaya,TASIKMALAYA,Retail,Medium,28,1.0,1.0,1.0,-4136124.7709810673,-4501130.502704061,-4193823.7620052844,-3899912.775053069,0.0065573770491803,Low,Critical
Tasikmalaya,TASIKMALAYA,Rice Miller,High,29,0.9982758620689655,1.0,1.0,-42109865.101786345,-19002891.495846063,-15036787.190827014,-9904763.288558396,0.0065573770491803,Low,Critical
Tasikmalaya,TASIKMALAYA,Rice Miller,Low,29,0.5047413793103448,0.6425,1.0,4071186.653041176,-1370128.158758323,-266121.6558968052,1130332.6550877898,0.0065573770491803,Low,Low
Tasikmalaya,TASIKMALAYA,Rice Miller,Medium,29,0.8766379310344827,1.0,1.0,-14138163.46958305,-7251170.983266573,-4959588.396202926,-2867662.9018005896,0.0065573770491803,Low,Critical
